2026-06-20,18:45:49.252627,29.7,83.3,51.8,Healthy
2026-06-20,18:46:00.151412,22.0,83.3,51.8,Healthy
2026-06-20,18:46:06.928315,26.0,83.2,51.8,Healthy
2026-06-20,18:46:12.316018,19.6,83.2,51.8,Healthy
2026-06-20,19:00:00.165765,34.0,82.3,51.5,Healthy
2026-06-20,19:19:21.262050,19.9,83.0,50.2,Healthy
2026-06-20,21:20:57.112714,46.9,84.3,50.3,Healthy
2026-06-20,21:24:04.080390,24.0,83.1,50.3,Healthy
2026-06-20,21:29:34.215429,29.8,87.0,50.3,Healthy
2026-06-20,21:43:03.551346,23.1,85.5,50.3,Healthy
2026-06-20,21:53:51.331380,22.4,91.3,50.3,Healthy
2026-06-20,21:56:24.520813,27.7,86.4,50.3,Healthy
2026-06-20,22:02:20.783744,29.2,85.3,50.3,Healthy
2026-06-20,22:13:05.525749,30.8,87.2,50.3,Healthy
2026-06-20,22:42:58.167177,18.9,89.0,50.5,Healthy
2026-06-20,22:43:10.472967,21.1,89.6,50.5,Healthy
2026-06-20,22:43:19.878383,20.6,89.3,50.5,Healthy
2026-06-20,22:43:28.439039,20.8,89.4,50.5,Healthy
2026-06-20,22:43:38.161607,21.7,89.7,50.5,Healthy
2026-06-20,22:43:43.566796,28.4,89.7,50.5,Healthy
2026-06-20,22:43:48.790828,27.7,90.0,50.5,Healthy
2026-06-20,22:43:53.933575,31.8,90.3,50.5,Healthy
2026-06-20,23:26:36.665895,17.9,88.0,53.1,Healthy
2026-06-20,23:26:42.982262,31.6,88.4,53.1,Healthy
2026-06-20,23:26:49.136875,20.3,88.4,53.1,Healthy
2026-06-20,23:26:55.303180,40.0,90.2,53.1,Healthy
2026-06-20,23:27:01.442271,17.3,89.9,53.1,Healthy
2026-06-20,23:27:07.567040,29.1,90.1,53.1,Healthy
2026-06-20,23:27:13.653158,26.3,91.1,53.1,Healthy
2026-06-20,23:27:19.758663,16.9,91.0,53.1,Healthy
2026-06-20,23:27:25.871815,9.7,90.7,53.1,Healthy
2026-06-20,23:27:31.994335,14.3,90.6,53.1,Healthy
2026-06-20,23:27:38.107837,12.9,90.6,53.1,Healthy
2026-06-20,23:27:44.220293,16.3,90.4,53.1,Healthy
2026-06-20,23:27:50.347704,11.9,90.4,53.1,Healthy
2026-06-20,23:27:56.462909,19.5,90.6,53.1,Healthy
2026-06-20,23:28:02.561659,21.9,90.6,53.1,Healthy
2026-06-20,23:28:08.666520,23.0,90.8,53.1,Healthy
2026-06-20,23:28:14.770193,26.5,91.6,53.1,Healthy
2026-06-20,23:28:20.861262,29.3,92.4,53.1,Healthy
2026-06-20,23:28:26.945701,26.1,93.7,53.1,Healthy
2026-06-20,23:28:33.059918,30.1,92.6,53.1,Healthy
2026-06-20,23:28:39.179751,24.3,93.3,53.1,Healthy
2026-06-20,23:28:45.434110,28.7,92.8,53.1,Healthy
2026-06-20,23:28:51.744622,12.1,90.6,53.1,Healthy
2026-06-20,23:28:57.862131,15.8,88.9,53.1,Healthy
2026-06-20,23:29:03.970335,14.1,88.8,53.1,Healthy
2026-06-20,23:29:10.093191,13.5,88.9,53.1,Healthy
2026-06-20,23:29:16.189032,16.3,88.9,53.1,Healthy
2026-06-20,23:29:22.322785,12.2,88.9,53.1,Healthy
2026-06-20,23:29:28.423462,14.6,89.0,53.1,Healthy
2026-06-20,23:29:34.541423,24.6,88.8,53.1,Healthy
2026-06-20,23:29:40.668540,17.3,88.0,53.1,Healthy
2026-06-20,23:29:46.790243,20.8,88.3,53.1,Healthy
2026-06-20,23:29:52.949715,20.4,88.7,53.1,Healthy
2026-06-20,23:29:59.084059,14.5,88.8,53.1,Healthy
2026-06-20,23:30:05.187144,15.1,88.7,53.1,Healthy
2026-06-20,23:30:11.327977,14.6,88.8,53.1,Healthy
