2026-06-20 21:20:57.111877,System Stable
2026-06-20 21:24:04.079868,System Stable
2026-06-20 21:29:34.214785,System Stable
2026-06-20 21:43:03.550775,System Stable
2026-06-20 21:53:51.330870,System Stable
2026-06-20 21:56:24.520030,System Stable
2026-06-20 22:02:20.783152,Triggered
2026-06-20 22:13:05.525162,Triggered
2026-06-20 22:42:58.165840,System Stable
2026-06-20 22:43:10.472294,Triggered
2026-06-20 22:43:19.877723,Triggered
2026-06-20 22:43:28.438317,Triggered
2026-06-20 22:43:38.160937,Triggered
2026-06-20 22:43:43.566093,Triggered
2026-06-20 22:43:48.790240,Triggered
2026-06-20 22:43:53.932987,Triggered
2026-06-20 23:26:36.665005,System Stable
2026-06-20 23:26:42.981846,Triggered
2026-06-20 23:26:49.136269,Triggered
2026-06-20 23:26:55.302760,Triggered
2026-06-20 23:27:01.441920,System Stable
2026-06-20 23:27:07.566694,Triggered
2026-06-20 23:27:13.652858,Triggered
2026-06-20 23:27:19.758378,System Stable
2026-06-20 23:27:25.871289,System Stable
2026-06-20 23:27:31.994060,System Stable
2026-06-20 23:27:38.107483,System Stable
2026-06-20 23:27:44.219566,System Stable
2026-06-20 23:27:50.347410,System Stable
2026-06-20 23:27:56.462633,System Stable
2026-06-20 23:28:02.561000,Triggered
2026-06-20 23:28:08.666071,Triggered
2026-06-20 23:28:14.768640,Triggered
2026-06-20 23:28:20.860855,Triggered
2026-06-20 23:28:26.945303,Triggered
2026-06-20 23:28:33.059524,Triggered
2026-06-20 23:28:39.178860,Triggered
2026-06-20 23:28:45.433302,Triggered
2026-06-20 23:28:51.743888,System Stable
2026-06-20 23:28:57.861307,System Stable
2026-06-20 23:29:03.969860,System Stable
2026-06-20 23:29:10.092494,System Stable
2026-06-20 23:29:16.188362,System Stable
2026-06-20 23:29:22.322220,System Stable
2026-06-20 23:29:28.422944,System Stable
2026-06-20 23:29:34.540792,Triggered
2026-06-20 23:29:40.666083,System Stable
2026-06-20 23:29:46.789202,Triggered
2026-06-20 23:29:52.948325,Triggered
2026-06-20 23:29:59.083532,System Stable
2026-06-20 23:30:05.186563,System Stable
2026-06-20 23:30:11.327238,System Stable
2026-06-20 23:30:17.428694,System Stable
2026-06-20 23:30:23.534901,System Stable
2026-06-20 23:30:29.656486,Triggered
2026-06-20 23:30:35.809114,System Stable
2026-06-20 23:30:41.928846,Triggered
2026-06-20 23:30:48.078971,System Stable
2026-06-20 23:30:54.191706,System Stable
2026-06-20 23:31:00.321528,Triggered
2026-06-20 23:31:06.471777,Triggered
2026-06-20 23:31:12.714476,Triggered
2026-06-20 23:31:18.839489,Triggered
2026-06-20 23:31:24.985367,System Stable
2026-06-20 23:31:31.090379,Triggered
2026-06-20 23:31:37.351576,Triggered
2026-06-20 23:31:43.457127,Triggered
2026-06-20 23:31:49.550268,Triggered
2026-06-20 23:31:55.635097,Triggered
2026-06-20 23:32:01.736182,Triggered
2026-06-20 23:32:07.828797,Triggered
2026-06-20 23:32:13.944603,Triggered
2026-06-20 23:32:20.092517,Triggered
2026-06-20 23:32:26.207731,Triggered
2026-06-20 23:32:32.325409,Triggered
2026-06-20 23:32:38.447470,Triggered
2026-06-20 23:32:44.561441,System Stable
2026-06-20 23:32:50.685529,System Stable
2026-06-20 23:32:56.779370,Triggered
2026-06-20 23:33:02.895633,System Stable
2026-06-20 23:33:09.009863,Triggered
2026-06-20 23:33:15.123645,Triggered
2026-06-20 23:33:21.212521,Triggered
2026-06-20 23:33:27.304342,Triggered
2026-06-20 23:33:33.403957,Triggered
2026-06-20 23:33:39.513235,Triggered
2026-06-20 23:33:45.652896,Triggered
2026-06-20 23:33:51.815198,Triggered
2026-06-20 23:33:58.000325,Triggered
2026-06-20 23:34:04.175484,System Stable
2026-06-20 23:34:10.304342,System Stable
2026-06-20 23:34:16.423168,System Stable
2026-06-20 23:34:22.545727,Triggered
2026-06-20 23:34:28.668882,Triggered
2026-06-20 23:34:34.827505,Triggered
2026-06-20 23:34:40.927373,Triggered
2026-06-20 23:34:47.115001,Triggered
2026-06-20 23:34:53.256308,Triggered
2026-06-20 23:34:59.388411,Triggered
2026-06-20 23:35:05.505573,Triggered
2026-06-20 23:35:11.666679,Triggered
2026-06-20 23:35:17.811487,Triggered
2026-06-20 23:35:24.026686,Triggered
2026-06-20 23:35:30.332566,Triggered
2026-06-20 23:35:36.449377,Triggered
2026-06-20 23:35:42.589991,Triggered
2026-06-20 23:35:48.694774,System Stable
2026-06-20 23:35:54.819989,Triggered
2026-06-20 23:36:00.963878,System Stable
2026-06-20 23:36:07.067730,Triggered
2026-06-20 23:36:13.214385,Triggered
2026-06-20 23:36:19.330761,System Stable
2026-06-20 23:36:25.429710,System Stable
2026-06-20 23:36:31.532613,System Stable
2026-06-20 23:36:37.664232,System Stable
2026-06-20 23:36:43.773826,System Stable
2026-06-20 23:36:49.894534,System Stable
2026-06-20 23:36:55.986648,System Stable
2026-06-20 23:37:02.113740,Triggered
2026-06-20 23:37:08.239184,Triggered
2026-06-20 23:37:14.344563,Triggered
2026-06-20 23:37:20.449427,Triggered
2026-06-20 23:37:26.581820,Triggered
2026-06-20 23:37:32.702919,System Stable
2026-06-20 23:37:38.795840,Triggered
2026-06-20 23:37:44.886214,Triggered
2026-06-20 23:37:50.997838,Triggered
2026-06-20 23:37:57.091596,System Stable
2026-06-20 23:38:03.219366,Triggered
2026-06-20 23:38:09.349580,Triggered
2026-06-20 23:38:15.477332,Triggered
2026-06-20 23:38:21.601999,Triggered
2026-06-20 23:38:27.718798,System Stable
2026-06-20 23:38:33.845460,System Stable
2026-06-20 23:38:39.957805,Triggered
2026-06-20 23:38:46.074948,Triggered
2026-06-20 23:38:52.197014,Triggered
2026-06-20 23:38:58.341179,Triggered
2026-06-20 23:39:04.497321,Triggered
2026-06-20 23:39:10.611948,System Stable
2026-06-20 23:39:16.728920,Triggered
2026-06-20 23:39:22.866210,Triggered
2026-06-20 23:39:29.178900,System Stable
2026-06-20 23:39:35.301577,System Stable
2026-06-20 23:39:41.403105,System Stable
2026-06-20 23:39:47.520367,Triggered
2026-06-20 23:39:53.700824,Triggered
2026-06-20 23:39:59.841927,Triggered
2026-06-20 23:40:05.994844,System Stable
2026-06-20 23:40:12.114890,Triggered
2026-06-20 23:40:18.272921,System Stable
2026-06-20 23:40:24.413515,Triggered
2026-06-20 23:40:30.541617,System Stable
2026-06-20 23:40:36.662707,Triggered
2026-06-20 23:40:42.766481,Triggered
2026-06-20 23:40:48.888140,System Stable
2026-06-20 23:40:55.040186,System Stable
2026-06-20 23:41:01.150429,System Stable
2026-06-20 23:41:07.324006,System Stable
2026-06-20 23:41:13.434591,Triggered
2026-06-20 23:41:19.563321,Triggered
2026-06-20 23:41:25.680156,Triggered
2026-06-20 23:41:31.790348,Triggered
2026-06-20 23:41:37.929861,Triggered
2026-06-20 23:41:44.044775,Triggered
2026-06-20 23:41:50.174606,System Stable
2026-06-20 23:41:56.316288,System Stable
2026-06-20 23:42:02.438351,System Stable
2026-06-20 23:42:08.539451,Triggered
2026-06-20 23:42:14.722911,Triggered
2026-06-20 23:42:20.846290,Triggered
2026-06-20 23:42:26.964098,Triggered
2026-06-20 23:42:33.081466,Triggered
2026-06-20 23:42:39.306517,Triggered
2026-06-20 23:42:45.420885,System Stable
2026-06-20 23:42:51.537559,Triggered
2026-06-20 23:42:57.702949,Triggered
2026-06-20 23:43:03.835680,System Stable
2026-06-20 23:43:09.956685,System Stable
2026-06-20 23:43:16.096402,Triggered
2026-06-21 16:53:56.325012,System Stable
2026-06-21 16:54:02.620393,System Stable
2026-06-21 16:54:08.696954,System Stable
2026-06-21 16:54:14.774972,System Stable
2026-06-21 16:54:20.836696,System Stable
2026-06-21 16:54:26.900663,System Stable
2026-06-21 16:54:32.967235,System Stable
2026-06-21 16:54:39.032940,System Stable
2026-06-21 16:54:45.099832,Triggered
2026-06-21 16:54:51.162896,Triggered
2026-06-21 16:54:57.238093,System Stable
2026-06-21 16:55:03.392682,Triggered
2026-06-21 16:55:09.452803,System Stable
2026-06-21 16:55:15.523648,Triggered
2026-06-21 16:55:21.603766,System Stable
2026-06-21 16:55:27.658835,Triggered
2026-06-21 16:55:33.725997,System Stable
2026-06-21 16:55:39.789912,System Stable
2026-06-21 16:55:45.856288,System Stable
2026-06-21 16:55:51.932663,System Stable
2026-06-21 16:55:57.992080,Triggered
2026-06-21 16:58:33.768251,Triggered
2026-06-21 16:58:40.078840,System Stable
2026-06-21 16:58:46.140399,Triggered
2026-06-21 16:58:52.211528,Triggered
2026-06-21 16:58:58.296824,Triggered
2026-06-21 16:59:04.370673,Triggered
2026-06-21 16:59:10.444572,Triggered
2026-06-21 16:59:16.527216,Triggered
2026-06-21 16:59:22.596721,Triggered
2026-06-21 16:59:28.664535,Triggered
2026-06-21 16:59:34.745124,Triggered
2026-06-21 16:59:40.819177,Triggered
2026-06-21 16:59:46.900867,Triggered
2026-06-21 16:59:52.964650,System Stable
2026-06-21 16:59:59.033981,Triggered
2026-06-21 17:00:05.101748,Triggered
2026-06-21 17:00:11.189309,Triggered
2026-06-21 17:00:17.269330,Triggered
2026-06-21 17:00:23.353498,Triggered
2026-06-21 17:00:29.437696,Triggered
2026-06-21 17:00:35.522868,Triggered
2026-06-21 17:00:41.607955,Triggered
2026-06-21 17:00:47.685331,System Stable
2026-06-21 17:00:53.755084,Triggered
2026-06-21 17:00:59.838044,System Stable
2026-06-21 17:01:05.897156,Triggered
2026-06-21 17:01:11.962968,Triggered
2026-06-21 17:01:18.038458,Triggered
2026-06-21 17:01:24.106110,Triggered
2026-06-21 17:01:30.177673,Triggered
2026-06-21 17:01:36.276910,Triggered
2026-06-21 17:01:42.343820,Triggered
2026-06-21 17:01:48.409906,System Stable
2026-06-21 17:01:54.475576,System Stable
2026-06-21 17:02:00.546345,System Stable
2026-06-21 17:02:06.610477,System Stable
2026-06-21 17:02:12.678657,Triggered
2026-06-21 17:02:18.745184,System Stable
2026-06-21 17:02:24.812200,Triggered
2026-06-21 17:02:30.881470,System Stable
2026-06-21 17:02:36.946900,Triggered
2026-06-21 17:02:43.019940,System Stable
2026-06-21 17:02:49.083823,Triggered
2026-06-21 17:02:55.149619,System Stable
2026-06-21 17:03:01.215085,System Stable
2026-06-21 17:03:07.284683,System Stable
2026-06-21 17:03:13.337342,System Stable
2026-06-21 17:03:19.403882,System Stable
2026-06-21 17:03:25.476624,System Stable
2026-06-21 17:03:31.539998,System Stable
2026-06-21 17:03:37.609008,System Stable
2026-06-21 17:03:43.676080,System Stable
2026-06-21 17:03:49.756460,System Stable
2026-06-21 17:03:55.839458,System Stable
2026-06-21 17:04:01.906613,System Stable
2026-06-21 17:04:07.974466,System Stable
2026-06-21 17:04:14.040427,System Stable
2026-06-21 17:04:20.108947,Triggered
2026-06-21 17:04:26.174132,System Stable
2026-06-21 17:04:32.246297,System Stable
2026-06-21 17:04:38.313808,Triggered
2026-06-21 17:04:44.381441,System Stable
2026-06-21 17:04:50.445723,System Stable
2026-06-21 17:04:56.515984,System Stable
2026-06-21 17:05:02.578567,System Stable
2026-06-21 17:05:08.646477,System Stable
2026-06-21 17:05:14.714808,System Stable
2026-06-21 17:05:20.783759,Triggered
2026-06-21 17:05:26.989943,Triggered
2026-06-21 17:05:33.248632,System Stable
2026-06-21 17:05:39.318216,System Stable
2026-06-21 17:05:45.391904,System Stable
2026-06-21 17:05:51.455333,System Stable
2026-06-21 17:05:57.521180,System Stable
2026-06-21 17:06:03.586423,System Stable
2026-06-21 17:06:09.654076,System Stable
2026-06-21 17:06:15.723360,System Stable
2026-06-21 17:06:21.783331,System Stable
2026-06-21 17:06:27.858016,System Stable
2026-06-21 17:06:33.926433,System Stable
2026-06-21 17:06:39.990526,System Stable
2026-06-21 17:06:46.062772,System Stable
2026-06-21 17:06:52.126804,System Stable
2026-06-21 17:06:58.192048,System Stable
2026-06-21 17:07:04.260023,System Stable
2026-06-21 17:07:10.325564,System Stable
2026-06-21 17:07:16.386136,System Stable
2026-06-21 17:07:22.447338,System Stable
2026-06-21 17:07:28.512866,System Stable
2026-06-21 17:07:34.574802,System Stable
2026-06-21 17:07:40.649868,System Stable
2026-06-21 17:07:46.715460,Triggered
2026-06-21 17:07:52.780687,System Stable
2026-06-21 17:07:58.845317,System Stable
2026-06-21 17:08:04.909389,System Stable
2026-06-21 17:08:10.982129,System Stable
2026-06-21 17:08:17.049554,System Stable
2026-06-21 17:08:23.115663,System Stable
2026-06-21 17:08:29.182137,System Stable
2026-06-21 17:08:35.286105,Triggered
2026-06-21 17:08:41.399000,Triggered
2026-06-21 17:08:47.476519,System Stable
2026-06-21 17:08:53.541500,System Stable
2026-06-21 17:08:59.603677,System Stable
2026-06-21 17:09:05.683343,System Stable
2026-06-21 17:09:11.755283,System Stable
2026-06-21 17:29:45.486209,Triggered
2026-06-21 17:29:51.638212,Triggered
2026-06-21 17:29:57.731538,Triggered
2026-06-21 17:30:03.814878,Triggered
2026-06-21 17:30:09.897541,Triggered
2026-06-21 17:30:15.974324,Triggered
2026-06-21 17:30:22.045608,System Stable
2026-06-21 17:30:28.129593,Triggered
2026-06-21 17:30:34.205144,System Stable
2026-06-21 17:30:40.282975,Triggered
2026-06-21 17:30:46.348864,System Stable
2026-06-21 17:30:52.417789,System Stable
2026-06-21 17:30:58.485369,Triggered
2026-06-21 17:31:04.554188,Triggered
2026-06-21 17:31:10.636012,Triggered
2026-06-21 17:31:16.719066,Triggered
2026-06-21 17:31:22.813396,Triggered
2026-06-21 17:31:28.886488,Triggered
2026-06-21 17:31:34.969337,System Stable
2026-06-21 17:31:41.054892,Triggered
2026-06-21 17:31:47.122926,Triggered
2026-06-21 17:31:53.200174,System Stable
2026-06-21 17:31:59.272676,System Stable
2026-06-21 17:32:05.346457,Triggered
2026-06-21 17:32:11.424089,Triggered
2026-06-21 17:32:17.492981,Triggered
2026-06-21 17:32:23.586132,Triggered
2026-06-21 17:32:29.676469,System Stable
2026-06-21 17:32:35.747073,Triggered
2026-06-21 17:32:41.827837,Triggered
2026-06-21 17:32:47.904586,System Stable
2026-06-21 17:32:53.973751,Triggered
2026-06-21 17:33:00.048132,System Stable
2026-06-21 17:33:06.145376,Triggered
2026-06-21 17:33:12.234852,Triggered
2026-06-21 17:33:18.352086,System Stable
2026-06-21 17:33:24.448254,Triggered
2026-06-21 17:33:30.513264,System Stable
2026-06-21 17:33:36.648686,Triggered
2026-06-21 17:33:42.800557,System Stable
2026-06-21 17:33:48.866276,Triggered
2026-06-21 17:33:54.937552,Triggered
2026-06-21 17:34:01.004327,System Stable
2026-06-21 17:34:07.095388,Triggered
2026-06-21 17:34:49.791154,Triggered
2026-06-21 17:34:55.924475,Triggered
2026-06-21 17:35:02.005795,Triggered
2026-06-21 17:35:08.083560,Triggered
2026-06-21 17:35:14.178023,Triggered
2026-06-21 17:35:20.245026,System Stable
2026-06-21 17:35:26.316089,System Stable
2026-06-21 17:35:32.388587,System Stable
2026-06-21 17:35:38.461993,System Stable
2026-06-21 17:35:44.532443,System Stable
2026-06-21 17:35:50.596205,Triggered
2026-06-21 17:35:56.680610,System Stable
2026-06-21 17:36:02.747908,Triggered
2026-06-21 17:36:08.815228,System Stable
2026-06-21 17:36:14.881874,System Stable
2026-06-21 17:36:20.949834,Triggered
2026-06-21 17:36:27.020134,System Stable
2026-06-21 17:36:33.104463,System Stable
2026-06-21 17:36:39.167340,System Stable
2026-06-21 17:36:45.231771,System Stable
2026-06-21 17:36:51.303387,System Stable
2026-06-21 17:36:57.367444,System Stable
2026-06-21 17:37:03.442177,Triggered
2026-06-21 17:37:09.504511,Triggered
2026-06-21 17:37:15.573447,System Stable
2026-06-21 17:37:21.657680,Triggered
2026-06-21 17:37:27.741310,Triggered
2026-06-21 17:37:33.822260,System Stable
2026-06-21 17:37:39.891047,System Stable
2026-06-21 17:37:45.962061,Triggered
2026-06-21 17:37:52.026905,Triggered
2026-06-21 17:37:58.094529,Triggered
2026-06-21 17:38:04.179040,Triggered
2026-06-21 17:38:10.260303,System Stable
2026-06-21 17:38:16.344382,System Stable
2026-06-21 17:38:22.415702,Triggered
2026-06-21 17:38:28.497790,Triggered
2026-06-21 17:38:34.584141,System Stable
2026-06-21 17:38:40.647731,System Stable
2026-06-21 17:38:46.715964,System Stable
2026-06-21 17:38:52.784767,Triggered
2026-06-21 17:38:58.865674,System Stable
2026-06-21 17:39:04.932136,System Stable
2026-06-21 17:39:10.997633,Triggered
2026-06-21 17:39:17.082950,System Stable
2026-06-21 17:39:23.151821,System Stable
2026-06-21 17:39:29.287143,Triggered
2026-06-21 17:39:35.371420,System Stable
2026-06-21 17:39:41.438998,Triggered
2026-06-21 17:39:47.522542,Triggered
2026-06-21 17:39:53.589390,Triggered
2026-06-21 17:39:59.673648,Triggered
2026-06-21 17:40:05.760978,System Stable
2026-06-21 17:40:11.824957,Triggered
2026-06-21 17:40:17.889836,System Stable
2026-06-21 17:40:23.961101,Triggered
2026-06-21 17:40:30.035287,Triggered
2026-06-21 17:40:36.127813,System Stable
2026-06-21 17:40:42.195599,Triggered
2026-06-21 17:40:48.262377,Triggered
2026-06-21 17:40:54.326002,Triggered
2026-06-21 17:41:00.412952,System Stable
2026-06-21 17:41:06.489786,System Stable
2026-06-21 17:41:12.561475,System Stable
2026-06-21 17:41:18.640120,System Stable
2026-06-21 17:41:24.716017,System Stable
2026-06-21 17:41:30.802686,System Stable
2026-06-21 17:41:36.865803,System Stable
2026-06-21 17:41:42.932934,System Stable
2026-06-21 17:41:48.999205,System Stable
2026-06-21 17:41:55.067172,Triggered
2026-06-21 17:42:01.151097,Triggered
2026-06-21 17:42:07.238394,Triggered
2026-06-21 17:42:13.314071,Triggered
2026-06-21 17:42:19.387771,System Stable
2026-06-21 17:42:25.453170,Triggered
2026-06-21 17:42:31.523115,Triggered
2026-06-21 17:42:37.586857,System Stable
2026-06-21 17:42:43.653024,System Stable
2026-06-21 17:42:49.721545,Triggered
2026-06-21 17:42:55.788126,System Stable
2026-06-21 17:43:01.857153,Triggered
2026-06-21 17:43:07.924904,Triggered
2026-06-21 17:43:13.993886,Triggered
2026-06-21 17:43:20.115960,System Stable
2026-06-21 17:43:26.178286,Triggered
2026-06-21 17:43:36.037180,System Stable
2026-06-21 17:43:42.158959,System Stable
2026-06-21 17:43:48.317323,System Stable
2026-06-21 17:43:54.378135,Triggered
2026-06-21 17:44:00.447459,System Stable
2026-06-21 17:44:06.534749,Triggered
2026-06-21 17:44:12.600421,System Stable
2026-06-21 17:44:18.678735,Triggered
2026-06-21 17:44:27.893905,Triggered
2026-06-21 17:44:34.020856,System Stable
2026-06-21 17:44:40.089905,System Stable
2026-06-21 17:44:46.149782,Triggered
2026-06-21 17:44:52.215870,System Stable
2026-06-21 17:45:24.261222,System Stable
2026-06-21 17:45:57.552731,System Stable
2026-06-21 17:46:29.505449,Triggered
2026-06-21 17:47:53.638175,Triggered
2026-06-21 17:48:25.577833,Triggered
2026-06-21 17:48:57.565859,Triggered
2026-06-21 17:49:29.321714,Triggered
2026-06-21 17:50:00.818867,Triggered
2026-06-21 17:50:32.540280,Triggered
2026-06-21 17:51:04.187912,System Stable
2026-06-21 17:51:35.526074,Triggered
2026-06-21 17:54:27.478579,Triggered
2026-06-21 17:54:58.993859,Triggered
2026-06-21 17:55:30.725120,Triggered
2026-06-21 17:56:02.287424,Triggered
2026-06-21 17:56:33.824733,Triggered
2026-06-21 17:57:05.397254,System Stable
2026-06-21 17:57:36.874401,Triggered
2026-06-21 17:58:08.423620,Triggered
2026-06-21 17:58:40.760281,Triggered
2026-06-21 17:59:12.960528,Triggered
2026-06-21 17:59:45.504392,System Stable
2026-06-21 18:00:13.019937,Triggered
2026-06-21 18:00:38.893294,Triggered
2026-06-21 18:00:46.454418,Triggered
2026-06-21 18:01:14.774485,Triggered
2026-06-21 18:01:40.276091,Triggered
2026-06-21 18:01:48.017700,Triggered
2026-06-21 18:02:15.853746,Triggered
2026-06-21 18:02:40.812497,Triggered
2026-06-21 18:02:48.455166,Triggered
2026-06-21 18:03:16.300386,Triggered
2026-06-21 18:03:41.383473,System Stable
2026-06-21 18:03:49.005753,Triggered
2026-06-21 18:04:16.980654,Triggered
2026-06-21 18:04:41.678048,System Stable
2026-06-21 18:04:49.510199,Triggered
2026-06-21 18:05:17.119090,Triggered
2026-06-21 18:05:41.846206,Triggered
2026-06-21 18:05:49.346512,Triggered
2026-06-21 18:06:16.439651,Triggered
2026-06-21 18:06:41.864068,System Stable
2026-06-21 18:06:48.704108,Triggered
2026-06-21 18:12:39.097553,Triggered
2026-06-21 18:13:11.837751,Triggered
2026-06-21 18:13:44.325717,Triggered
2026-06-21 18:14:16.802229,Triggered
2026-06-21 18:14:48.962544,System Stable
2026-06-21 18:15:21.323757,System Stable
2026-06-21 18:15:54.723591,Triggered
2026-06-21 18:16:27.636280,Triggered
2026-06-21 18:17:00.553290,Triggered
2026-06-21 18:17:33.355402,Triggered
2026-06-21 18:18:06.165853,Triggered
2026-06-21 18:18:38.971562,System Stable
2026-06-21 18:19:11.814607,Triggered
2026-06-21 18:19:44.591776,System Stable
2026-06-21 18:20:17.417915,System Stable
2026-06-21 18:20:50.504810,System Stable
2026-06-21 18:43:40.256891,System Stable
2026-06-21 18:44:14.575953,System Stable
2026-06-21 18:44:48.534863,Triggered
2026-06-21 18:45:23.916175,Triggered
2026-06-21 18:50:48.961984,Triggered
2026-06-21 18:51:26.948909,Triggered
2026-06-21 18:52:04.276478,Triggered
2026-06-21 18:52:43.938688,Triggered
2026-06-21 18:53:17.767236,Triggered
2026-06-21 18:53:56.488286,Triggered
2026-06-21 18:54:51.476887,Triggered
2026-06-21 18:55:25.510808,Triggered
2026-06-21 18:56:03.977765,Triggered
2026-06-21 18:56:51.882545,System Stable
2026-06-21 18:57:30.361500,Triggered
2026-06-21 18:58:43.128652,Triggered
2026-06-21 19:02:57.591996,Triggered
2026-06-23 09:38:16.335913,System Stable
2026-06-23 09:38:55.964572,Triggered
2026-06-23 09:39:35.344447,System Stable
2026-06-23 09:40:13.084279,System Stable
2026-06-23 09:40:50.983508,Triggered
2026-06-23 09:41:28.702439,Triggered
2026-06-23 09:42:06.467917,Triggered
2026-06-23 09:42:43.821064,System Stable
2026-06-25 20:14:37.296247,Triggered
2026-06-25 20:15:12.490835,Triggered
2026-06-25 20:15:50.974665,Triggered
2026-06-25 20:16:45.860846,System Stable
2026-06-25 20:17:21.897992,Triggered
2026-06-25 20:17:58.239771,Triggered
2026-06-25 20:18:33.879303,System Stable
2026-06-25 20:19:10.593357,Triggered
2026-06-25 20:19:45.664736,Triggered
2026-06-25 20:20:21.156537,Triggered
2026-06-25 20:23:59.307176,Triggered
2026-06-25 20:24:34.229642,Triggered
2026-06-25 20:25:09.313018,Triggered
2026-06-25 20:25:44.064955,Triggered
2026-06-25 20:26:19.022531,System Stable
2026-06-25 20:26:54.240114,Triggered
2026-06-25 20:27:29.340397,System Stable
2026-06-25 20:28:07.663884,Triggered
2026-06-25 20:28:42.554946,System Stable
2026-06-25 20:29:17.376433,System Stable
2026-06-25 20:29:52.338819,System Stable
2026-06-25 20:30:32.083450,System Stable
2026-06-25 20:31:08.142290,Triggered
2026-06-25 20:31:44.295271,System Stable
2026-06-25 20:32:19.480589,System Stable
2026-06-25 20:33:09.486783,System Stable
2026-06-25 20:33:56.889764,System Stable
2026-06-25 20:34:43.558583,System Stable
2026-06-25 20:35:20.736556,System Stable
2026-06-25 20:35:56.384032,System Stable
2026-06-25 20:36:33.499462,System Stable
2026-06-26 13:14:10.259180,Triggered
2026-06-26 13:14:48.075954,Triggered
2026-06-26 13:15:26.575974,Triggered
2026-06-26 13:16:03.841775,Triggered
2026-06-26 13:16:41.437989,Triggered
2026-06-26 13:17:19.199239,System Stable
2026-06-26 13:17:56.023831,System Stable
2026-06-26 13:18:36.034847,Triggered
2026-06-26 13:19:12.843520,System Stable
2026-06-26 13:19:49.099345,System Stable
2026-06-26 13:20:24.904788,System Stable
2026-06-26 13:21:02.034155,Triggered
2026-06-26 13:21:39.065378,Triggered
2026-06-26 13:22:16.282539,Triggered
2026-06-26 13:22:53.685729,Triggered
2026-06-26 13:23:30.949679,System Stable
2026-06-26 13:25:23.666136,System Stable
2026-06-26 13:26:04.087119,Triggered
2026-06-26 13:26:47.042779,Triggered
2026-06-26 13:27:26.983876,Triggered
2026-06-26 13:28:05.011976,Triggered
2026-06-26 13:28:44.117252,System Stable
2026-06-26 13:29:29.529906,Triggered
2026-06-26 13:30:07.227852,System Stable
2026-06-26 13:30:41.094070,System Stable
2026-06-26 13:31:15.047451,Triggered
2026-06-26 13:31:53.654383,Triggered
2026-06-26 13:34:27.780990,Triggered
2026-06-26 13:35:08.550883,Triggered
2026-06-26 13:35:46.330488,Triggered
2026-06-26 13:36:25.499787,Triggered
2026-06-26 13:37:03.836100,Triggered
2026-06-26 13:37:42.318913,Triggered
2026-06-26 13:38:31.297605,System Stable
2026-06-26 13:39:09.505369,Triggered
2026-06-26 13:39:47.582863,Triggered
2026-06-26 13:40:35.275676,Triggered
2026-06-26 13:41:21.144063,Triggered
2026-06-26 13:41:59.807068,System Stable
2026-06-26 13:42:37.913730,System Stable
2026-06-26 13:43:16.912203,Triggered
2026-06-26 13:43:55.246427,System Stable
2026-06-26 13:44:34.032293,Triggered
2026-06-26 13:45:54.723484,System Stable
2026-06-26 13:46:33.233679,Triggered
2026-06-26 13:47:12.506219,Triggered
2026-06-26 13:47:51.800271,Triggered
2026-06-26 13:48:30.800039,Triggered
2026-06-26 13:49:09.855801,Triggered
2026-06-26 13:49:48.063235,System Stable
2026-06-26 13:50:26.630846,Triggered
2026-06-26 13:51:05.061362,Triggered
2026-06-26 13:51:44.189960,Triggered
2026-06-26 13:52:22.953082,System Stable
2026-06-26 13:53:01.198777,System Stable
2026-06-26 13:53:39.553824,System Stable
2026-06-26 13:54:17.763357,Triggered
2026-06-26 13:56:23.593833,System Stable
2026-06-26 13:57:05.867566,System Stable
2026-06-26 13:57:48.499248,Triggered
2026-06-26 13:58:26.875039,Triggered
2026-06-26 13:59:05.387105,System Stable
2026-06-26 13:59:45.413660,System Stable
2026-06-26 14:00:25.743852,Triggered
2026-06-26 14:01:03.581992,Triggered
2026-06-26 14:01:42.384700,System Stable
2026-06-26 14:02:19.553362,Triggered
2026-06-26 14:02:56.880418,Triggered
2026-06-26 14:09:07.367608,System Stable
2026-06-26 14:09:45.942789,System Stable
2026-06-26 14:10:23.972195,Triggered
2026-06-26 14:11:17.353977,Triggered
2026-06-26 14:11:56.025991,Triggered
2026-06-26 14:12:33.962055,System Stable
2026-06-26 14:13:11.930653,Triggered
2026-06-26 14:13:48.810269,System Stable
2026-06-26 14:14:25.507161,Triggered
2026-06-26 14:15:02.374769,Triggered
2026-06-26 14:15:39.510233,Triggered
2026-06-26 14:16:34.494785,System Stable
2026-06-26 14:17:37.876680,System Stable
2026-06-26 14:18:49.643607,System Stable
2026-06-26 14:19:27.499166,System Stable
2026-06-26 14:20:04.945478,Triggered
2026-06-26 14:21:34.012026,Triggered
2026-06-26 14:21:35.039469,System Stable
2026-06-26 14:21:36.958897,System Stable
2026-06-26 14:21:37.761108,System Stable
2026-06-26 14:23:29.183766,System Stable
2026-06-26 14:24:06.642685,Triggered
2026-06-26 14:24:45.001291,Triggered
2026-06-26 14:25:24.302839,Triggered
2026-06-26 14:26:02.058331,Triggered
2026-06-26 14:26:39.438626,Triggered
2026-06-26 14:27:22.656265,Triggered
2026-06-26 14:28:28.299753,System Stable
2026-06-26 14:29:50.435140,System Stable
2026-06-26 14:30:31.932971,System Stable
2026-06-26 14:31:09.697103,Triggered
2026-06-26 14:31:47.592454,Triggered
2026-06-26 14:32:25.036204,System Stable
2026-06-26 14:33:03.924277,Triggered
2026-06-26 14:33:41.870147,System Stable
2026-06-26 14:34:18.927584,Triggered
2026-06-26 14:34:56.193323,System Stable
2026-06-26 14:35:34.240690,Triggered
2026-06-26 14:36:11.121162,System Stable
2026-06-26 14:36:48.313765,System Stable
2026-06-26 14:38:44.351116,Triggered
2026-06-26 14:39:05.523842,System Stable
2026-06-26 14:39:43.622860,Triggered
2026-06-26 14:41:53.933935,System Stable
2026-06-26 14:42:33.275580,System Stable
2026-06-26 18:56:57.492138,System Stable
2026-06-26 18:57:37.733153,Triggered
2026-06-26 18:58:16.230262,System Stable
2026-06-26 18:58:56.304743,System Stable
2026-06-26 18:59:34.972661,Triggered
2026-06-26 19:02:03.455950,System Stable
2026-06-26 19:02:42.423574,Triggered
2026-06-26 19:03:20.197821,Triggered
2026-06-26 19:03:57.884134,System Stable
2026-06-26 19:04:35.520602,System Stable
2026-06-26 19:05:12.805170,Triggered
2026-06-26 19:05:52.102797,Triggered
2026-06-26 19:06:30.869393,System Stable
2026-06-26 19:07:09.553284,Triggered
2026-06-26 19:07:48.608974,System Stable
2026-06-26 19:08:26.337499,Triggered
2026-06-26 19:09:05.341906,Triggered
2026-06-26 19:09:56.822067,Triggered
2026-06-26 19:12:07.234424,System Stable
2026-06-26 19:12:46.167962,Triggered
2026-06-26 19:13:31.217351,Triggered
2026-06-26 19:14:05.800362,System Stable
2026-06-26 19:14:46.421887,Triggered
2026-06-26 19:15:26.435375,Triggered
2026-06-26 19:16:04.430126,System Stable
2026-06-26 19:16:41.435817,System Stable
2026-06-26 19:17:18.463008,Triggered
2026-06-26 19:17:57.324070,System Stable
2026-06-26 19:18:34.973013,Triggered
2026-06-26 19:24:29.489908,System Stable
2026-06-26 19:25:06.720024,System Stable
2026-06-26 19:25:43.793830,System Stable
2026-06-26 19:26:20.832597,Triggered
2026-06-26 19:26:57.457159,System Stable
2026-06-26 19:27:35.043167,System Stable
2026-06-26 19:28:12.650570,Triggered
2026-06-26 19:29:54.026532,System Stable
2026-06-26 19:30:31.205667,System Stable
2026-06-26 19:31:14.589172,System Stable
2026-06-26 19:31:51.421002,System Stable
2026-06-26 19:32:28.201534,System Stable
2026-06-26 19:33:07.973070,Triggered
2026-06-26 19:33:45.077836,System Stable
2026-06-26 19:34:23.988544,System Stable
2026-06-26 19:35:02.204314,System Stable
2026-06-26 19:35:40.487149,System Stable
2026-06-26 19:36:18.265739,Triggered
2026-06-26 19:36:56.410009,Triggered
2026-06-26 19:43:46.413136,System Stable
2026-06-26 19:44:28.121998,System Stable
2026-06-26 19:45:08.583298,System Stable
2026-06-26 19:45:49.401298,System Stable
2026-06-26 19:46:30.608220,System Stable
2026-06-26 19:47:11.937447,System Stable
2026-06-26 19:47:57.203545,Triggered
2026-06-26 19:48:37.486213,System Stable
2026-06-26 19:49:15.766857,System Stable
2026-06-26 19:49:54.646556,Triggered
2026-06-26 19:50:32.840768,Triggered
2026-06-26 19:51:11.063798,System Stable
2026-06-26 19:51:48.144930,Triggered
2026-06-26 19:52:27.533623,Triggered
2026-06-26 19:53:05.143844,System Stable
2026-06-26 19:53:42.987121,System Stable
2026-06-26 19:54:20.144422,System Stable
2026-06-26 19:54:57.325796,System Stable
2026-06-26 19:55:34.225313,System Stable
2026-06-26 19:57:10.166740,System Stable
2026-06-26 19:57:50.266485,System Stable
2026-06-26 19:58:30.472009,Triggered
2026-06-26 19:59:10.189481,System Stable
2026-06-26 19:59:49.933210,System Stable
2026-06-26 20:00:29.955633,Triggered
2026-06-26 20:01:58.828638,System Stable
2026-06-26 20:02:38.431901,System Stable
2026-06-26 20:03:25.395738,System Stable
2026-06-26 20:07:45.835083,System Stable
2026-06-26 20:08:23.624890,Triggered
2026-06-26 20:09:06.250574,System Stable
2026-06-26 20:23:05.468361,System Stable
2026-06-26 20:23:43.870069,System Stable
2026-06-26 21:46:43.852098,System Stable
2026-06-26 21:47:20.735575,System Stable
2026-06-26 21:57:38.463326,System Stable
2026-06-26 21:58:18.538623,System Stable
2026-06-26 21:58:57.861313,System Stable
2026-06-26 21:59:36.421042,System Stable
2026-06-26 22:00:16.215690,Triggered
2026-06-26 22:00:56.218468,System Stable
2026-06-26 22:01:35.730445,System Stable
2026-06-26 22:02:15.359313,Triggered
2026-06-26 22:09:03.233358,System Stable
2026-06-26 22:10:48.370318,Triggered
2026-06-26 22:13:23.077466,System Stable
2026-06-26 22:14:08.785181,Triggered
2026-06-26 22:14:50.493870,Triggered
2026-06-26 22:15:29.732339,Triggered
2026-06-26 22:16:08.510781,Triggered
2026-06-26 22:17:40.589167,System Stable
2026-06-26 22:17:40.705442,System Stable
2026-06-26 22:18:19.561833,System Stable
2026-06-26 22:18:58.690672,Triggered
2026-06-26 22:19:37.933321,Triggered
2026-06-26 22:20:17.083086,Triggered
2026-06-26 22:31:26.587377,System Stable
2026-06-26 22:32:06.244941,Triggered
2026-06-26 22:32:45.591566,System Stable
2026-06-26 22:33:24.550910,System Stable
2026-06-26 22:34:03.910768,Triggered
2026-06-26 22:34:43.081729,Triggered
2026-06-26 22:35:25.793341,System Stable
2026-06-26 22:41:14.779310,System Stable
2026-06-26 22:41:58.462669,Triggered
2026-06-26 22:42:37.111619,Triggered
2026-06-26 22:43:16.270080,System Stable
2026-06-26 22:44:23.834478,System Stable
2026-06-26 22:45:02.804354,Triggered
2026-06-26 22:45:55.239553,System Stable
2026-06-26 22:46:34.730933,Triggered
2026-06-26 22:47:13.707772,Triggered
2026-06-26 22:47:52.736262,Triggered
2026-06-26 22:48:33.258906,System Stable
2026-06-26 22:49:12.524847,Triggered
2026-06-26 22:49:50.936558,Triggered
2026-06-26 22:50:33.552719,System Stable
2026-06-26 22:51:47.785502,System Stable
2026-06-26 22:52:27.125688,Triggered
2026-06-26 22:53:44.947155,System Stable
2026-06-26 22:54:24.697596,System Stable
